department_key,job_role
Customer Support,Support Specialist
Customer Support,Support Team Lead
Engineering,DevOps Engineer
Engineering,QA Analyst
Engineering,Software Engineer
Finance,Accountant
Finance,Finance Analyst
Human Resources,HR Business Partner
Human Resources,HR Executive
Human Resources,Recruiter
Marketing,Content Specialist
Marketing,Marketing Executive
Operations,Operations Analyst
Operations,Operations Manager
Sales,Account Executive
Sales,Business Development Rep
Sales,Sales Representative
